Workbook

Sheet README
A1: 10X Votes / Centurion: Phase 2 evidence sheet
A2: Prepared 2026-10-22 for Prime Rogue Inc. Passive OSINT only: no target servers contacted, no accounts created, no voter data accessed.
A4: Tab | B4: Contents
A5: Fleet summary | B5: Per-host certificate counts and first/last issuance, computed by formula from the Certificates tab
A6: Certificates | B6: 143+2 unique certificates for %.10xvotes.com from crt.sh (precertificate duplicates removed). Each crt.sh ID resolves at https://crt.sh/?id=<ID>
A7: DNS | B7: Live resolutions via Google Public DNS (dns.google), 2026-10-22 ~09:30-10:30 UTC. Re-pull with screenshots before filing.
A8: Archive | B8: Wayback Machine captures relied on in the report
A9: Centurion | B9: Centurion-side domains and hosting
A11: Caveats | B11: crt.sh returned slightly different deduplicated sets on repeat queries; two auth certs of 2026-09-21 were added from an earlier pull (expiry not captured). Issuer CN "GeoTrust TLS RSA CA (2026)" is abbreviated; confirm the exact CN on crt.sh.

Sheet Fleet summary
A1: Host | B1: Hosting (DNS 2026-10-22) | C1: Certificates | D1: First issued | E1: Last issued | F1: Note
A2: skcn.10xvotes.com | B2: Azure East US (10xvotes-skcn.azurewebsites.net) | C2: =COUNTIF(Certificates!$B$2:$B$146,"*skcn.10xvotes.com*") -> 4 | D2: =_xlfn.MINIFS(Certificates!$E$2:$E$146,Certificates!$B$2:$B$146,"*skcn.10xvotes.com*") -> 45723 | E2: =_xlfn.MAXIFS(Certificates!$E$2:$E$146,Certificates!$B$2:$B$146,"*skcn.10xvotes.com*") -> 46076 | F2: Alberta records per National Observer; same Azure subscription (asuid) as wi/pa/hn; last cert expired 2026-08-23, not renewed
A3: mi.10xvotes.com | B3: Azure East US (10xvotes.azurewebsites.net) | C3: =COUNTIF(Certificates!$B$2:$B$146,"*mi.10xvotes.com*") -> 6 | D3: =_xlfn.MINIFS(Certificates!$E$2:$E$146,Certificates!$B$2:$B$146,"*mi.10xvotes.com*") -> 45436 | E3: =_xlfn.MAXIFS(Certificates!$E$2:$E$146,Certificates!$B$2:$B$146,"*mi.10xvotes.com*") -> 46076
A4: wi.10xvotes.com | B4: Azure East US | C4: =COUNTIF(Certificates!$B$2:$B$146,"*wi.10xvotes.com*") -> 5 | D4: =_xlfn.MINIFS(Certificates!$E$2:$E$146,Certificates!$B$2:$B$146,"*wi.10xvotes.com*") -> 45582 | E4: =_xlfn.MAXIFS(Certificates!$E$2:$E$146,Certificates!$B$2:$B$146,"*wi.10xvotes.com*") -> 46076
A5: pa.10xvotes.com | B5: Azure East US | C5: =COUNTIF(Certificates!$B$2:$B$146,"*pa.10xvotes.com*") -> 5 | D5: =_xlfn.MINIFS(Certificates!$E$2:$E$146,Certificates!$B$2:$B$146,"*pa.10xvotes.com*") -> 45569 | E5: =_xlfn.MAXIFS(Certificates!$E$2:$E$146,Certificates!$B$2:$B$146,"*pa.10xvotes.com*") -> 46076
A6: hn.10xvotes.com | B6: Azure East US | C6: =COUNTIF(Certificates!$B$2:$B$146,"*hn.10xvotes.com*") -> 5 | D6: =_xlfn.MINIFS(Certificates!$E$2:$E$146,Certificates!$B$2:$B$146,"*hn.10xvotes.com*") -> 45566 | E6: =_xlfn.MAXIFS(Certificates!$E$2:$E$146,Certificates!$B$2:$B$146,"*hn.10xvotes.com*") -> 46076
A7: auth.10xvotes.com | B7: Auth0 US tenant via Cloudflare | C7: =COUNTIF(Certificates!$B$2:$B$146,"*auth.10xvotes.com*") -> 20 | D7: =_xlfn.MINIFS(Certificates!$E$2:$E$146,Certificates!$B$2:$B$146,"*auth.10xvotes.com*") -> 45751.716 | E7: =_xlfn.MAXIFS(Certificates!$E$2:$E$146,Certificates!$B$2:$B$146,"*auth.10xvotes.com*") -> 46286.915 | F7: Still renewing Sept 2026
A8: pay.10xvotes.com | B8: Cloudflare-proxied | C8: =COUNTIF(Certificates!$B$2:$B$146,"*pay.10xvotes.com*") -> 3 | D8: =_xlfn.MINIFS(Certificates!$E$2:$E$146,Certificates!$B$2:$B$146,"*pay.10xvotes.com*") -> 45352.842 | E8: =_xlfn.MAXIFS(Certificates!$E$2:$E$146,Certificates!$B$2:$B$146,"*pay.10xvotes.com*") -> 46053.352
A9: *.10xvotes.com | B9: Cloudflare edge | C9: =COUNTIF(Certificates!$B$2:$B$146,"~**") -> 25 | D9: =_xlfn.MINIFS(Certificates!$E$2:$E$146,Certificates!$B$2:$B$146,"~**") -> 45541.875 | E9: =_xlfn.MAXIFS(Certificates!$E$2:$E$146,Certificates!$B$2:$B$146,"~**") -> 46250.494
A10: www.10xvotes.com | B10: Webflow | C10: =COUNTIF(Certificates!$B$2:$B$146,"*www.10xvotes.com*") -> 36 | D10: =_xlfn.MINIFS(Certificates!$E$2:$E$146,Certificates!$B$2:$B$146,"*www.10xvotes.com*") -> 45352.823 | E10: =_xlfn.MAXIFS(Certificates!$E$2:$E$146,Certificates!$B$2:$B$146,"*www.10xvotes.com*") -> 46285.9

Sheet Certificates
A1: crt.sh ID | B1: Names (SAN) | C1: Issuer org | D1: Issuer CN | E1: Not before (UTC) | F1: Not after | G1: Reads as | H1: Link
A2: 12243411481 | B2: 10xvotes.com | C2: Let's Encrypt | D2: R3 | E2: 45352.823 | F2: 45442 | G2: Webflow marketing site | H2: https://crt.sh/?id=12243411481
A3: 12243413146 | B3: www.10xvotes.com | C3: Let's Encrypt | D3: R3 | E3: 45352.823 | F3: 45442 | G3: Webflow marketing site | H3: https://crt.sh/?id=12243413146
A4: 12243193306 | B4: pay.10xvotes.com, www.pay.10xvotes.com | C4: GoDaddy | D4: Go Daddy Secure Certificate Authority - G2 | E4: 45352.842 | F4: 45717 | G4: Payment page (GoDaddy-issued) | H4: https://crt.sh/?id=12243193306
A5: 13113017590 | B5: 10xvotes.com | C5: Let's Encrypt | D5: R3 | E5: 45430.844 | F5: 45520 | G5: Webflow marketing site | H5: https://crt.sh/?id=13113017590
A6: 13096802237 | B6: www.10xvotes.com | C6: Let's Encrypt | D6: R3 | E6: 45430.854 | F6: 45520 | G6: Webflow marketing site | H6: https://crt.sh/?id=13096802237
A7: 13166395621 | B7: mi.10xvotes.com | C7: DigiCert | D7: GeoTrust Global TLS RSA4096 SHA256 2022 CA1 | E7: 45436 | F7: 45620 | G7: Azure App Service managed cert (jurisdiction app) | H7: https://crt.sh/?id=13166395621
A8: 13350020263 | B8: 10xvotes.com | C8: Let's Encrypt | D8: R11 | E8: 45454.212 | F8: 45544 | G8: Webflow marketing site | H8: https://crt.sh/?id=13350020263
A9: 13350024295 | B9: 10xvotes.com | C9: Let's Encrypt | D9: E5 | E9: 45454.212 | F9: 45544 | G9: Webflow marketing site | H9: https://crt.sh/?id=13350024295
A10: 13375818881 | B10: www.10xvotes.com | C10: Let's Encrypt | D10: R11 | E10: 45456.29 | F10: 45546 | G10: Webflow marketing site | H10: https://crt.sh/?id=13375818881
A11: 13375817692 | B11: www.10xvotes.com | C11: Let's Encrypt | D11: E5 | E11: 45456.29 | F11: 45546 | G11: Webflow marketing site | H11: https://crt.sh/?id=13375817692
A12: 14003189313 | B12: www.10xvotes.com | C12: Let's Encrypt | D12: R11 | E12: 45508.9 | F12: 45598 | G12: Webflow marketing site | H12: https://crt.sh/?id=14003189313
A13: 14002606642 | B13: 10xvotes.com | C13: Let's Encrypt | D13: R10 | E13: 45508.905 | F13: 45598 | G13: Webflow marketing site | H13: https://crt.sh/?id=14002606642
... A143: 29502212415 | B143: www.10xvotes.com | C143: Google Trust Services | D143: WE1 | E143: 46285.9 | F143: 46375 | G143: Webflow marketing site | H143: https://crt.sh/?id=29502212415
A144: 29928320505 | B144: auth.10xvotes.com | C144: Let's Encrypt | D144: YE1 | E144: 46286.915 | G144: Auth0 custom domain | H144: https://crt.sh/?id=29928320505
A145: 29927916024 | B145: auth.10xvotes.com | C145: Let's Encrypt | D145: YR1 | E145: 46286.915 | G145: Auth0 custom domain | H145: https://crt.sh/?id=29927916024
A146: 29841667374 | B146: 10xvotes.com | C146: Google Trust Services | D146: WE1 | E146: 46287.351 | F146: 46377 | G146: Webflow marketing site | H146: https://crt.sh/?id=29841667374

Sheet DNS
A1: Name | B1: Type | C1: Answer | D1: IP | E1: Provider / meaning
A2: skcn.10xvotes.com | B2: CNAME chain | C2: 10xvotes-skcn.azurewebsites.net > waws-prod-blu-319.sip.azurewebsites.windows.net > waws-prod-blu-319-7e61.eastus.cloudapp.azure.com | D2: 20.119.0.3 | E2: Microsoft Azure App Service, East US
A3: mi.10xvotes.com | B3: CNAME chain | C3: 10xvotes.azurewebsites.net > waws-prod-blu-319 (eastus) | D3: 20.119.0.3 | E3: Azure East US
A4: wi.10xvotes.com | B4: CNAME chain | C4: 10xvotes-wi.azurewebsites.net > waws-prod-blu-319 (eastus) | D4: 20.119.0.3 | E4: Azure East US
A5: pa.10xvotes.com | B5: CNAME chain | C5: 10xvotes-pa.azurewebsites.net > waws-prod-blu-319 (eastus) | D5: 20.119.0.3 | E5: Azure East US
A6: hn.10xvotes.com | B6: CNAME chain | C6: 10xvotes-hn.azurewebsites.net > waws-prod-blu-319 (eastus) | D6: 20.119.0.3 | E6: Azure East US
A7: asuid.skcn / .wi / .pa / .hn | B7: TXT | C7: CCE16DBFD953C667013F67299E71409AE9E7EA7994CD964270E2A5E60AD5DFD3 (identical on all four) | E7: Azure custom-domain verification ID (per subscription)
A8: asuid.mi.10xvotes.com | B8: TXT | C8: NXDOMAIN
A9: auth.10xvotes.com | B9: CNAME chain | C9: dev-pozsa82q46m6bv13-cd-mxvbschswsydpfhi.edge.tenants.us.auth0.com > dev-pozsa82q46m6bv13.us.auth0.com > auth0-ingress.us.auth0.com.cdn.cloudflare.net | D9: 172.64.144.74, 104.18.43.182 | E9: Auth0 (Okta) US tenant
A10: 10xvotes.com | B10: A/AAAA | D10: 198.202.211.1; 2620:cb:2000::1 | E10: Webflow
A11: www.10xvotes.com | B11: CNAME | C11: cdn.webflow.com | D11: 198.202.211.1 | E11: Webflow
A12: pay.10xvotes.com | B12: A | D12: 172.67.174.102, 104.21.72.31 | E12: Cloudflare proxy
A13: 10xvotes.com | B13: NS | C13: lisa.ns.cloudflare.com, andy.ns.cloudflare.com | E13: Cloudflare DNS
A14: 10xvotes.com | B14: MX | C14: aspmx.l.google.com (+alt1-4) | E14: Google Workspace
A15: 10xvotes.com | B15: TXT | C15: google-site-verification x2; brevo-code:4bf20eaa73d0f0c3e84ebf91e6b8f292; v=spf1 include:_spf.google.com ~all | E15: Google, Brevo
A16: _dmarc.10xvotes.com | B16: TXT | C16: v=DMARC1; p=none; rua=mailto:dmarc-reports@10xvotes.com
A17: 10xvotes.com | B17: CAA | C17: (none)
A18: ab. / abcn. / ca.10xvotes.com | B18: A | C18: NXDOMAIN | E18: No wildcard DNS
A19: 10xvotes-{ab,abcn,ca,sk,mt,az,ga,oh,nc,dev,api,staging,test}.azurewebsites.net | B19: A | C19: NXDOMAIN | E19: Limited name check, not enumeration

Sheet Archive
A1: Capture (UTC) | B1: URL | C1: Observed | D1: Wayback link
A2: 2025-03-07 17:22:50 | B2: http://skcn.10xvotes.com/ | C2: 301 to login | D2: https://web.archive.org/web/20250307172250/http://skcn.10xvotes.com/
A3: 2025-03-07 17:22:51 | B3: https://skcn.10xvotes.com/Identity/Account/Login | C3: 200; "Login - 10X Votes"; loads MiFamilyVotingWebsite.styles.css; form posts to self; LiveChat + DataTables | D3: https://web.archive.org/web/20250307172251/https://skcn.10xvotes.com/Identity/Account/Login?ReturnUrl=%2F
A4: 2024-10-09 to 2024-12-17 | B4: https://pa.10xvotes.com/ (css, js) | C4: Same MiFamilyVotingWebsite.styles.css and site.css hash as mi; search.js calls /voterinfo/setupData; filters name/address/age/county/township | D4: https://web.archive.org/web/20241215042917/https://pa.10xvotes.com/js/search.js
A5: 2024-08-29 | B5: https://mi.10xvotes.com/ | C5: 302 (to Identity login) | D5: https://web.archive.org/web/20240829163142/https://mi.10xvotes.com/
A6: 2025-04-04 22:35 | B6: http://auth.10xvotes.com/ | C6: 426 | D6: https://web.archive.org/web/20250404223513/http://auth.10xvotes.com/
A7: 2026-01-14 05:20 | B7: https://www.10xvotes.com/app-sign-up | C7: "a product of Voteatron"; SMS consent | D7: https://web.archive.org/web/20260114052020/https://www.10xvotes.com/app-sign-up
A8: 2026-01-14 04:11 | B8: https://www.10xvotes.com/privacy | C8: SMS restricted to US residents; no Canada or cross-border language | D8: https://web.archive.org/web/20260114041114/https://www.10xvotes.com/privacy

Sheet Centurion
A1: Domain / item | B1: First cert | C1: Hosting | D1: Note
A2: thecenturionproject.ca | B2: 2026-02-26 (crt.sh 24664097172); en. subdomain | C2: Wix (ns0/ns1.wixdns.net) | D2: Confirmed Centurion site; Bowness Rd NW Calgary address in footer
A3: centurionproject.ca | B3: 2026-03-18 (crt.sh 25068020634) | C3: Wix | D3: Likely companion/defensive; not examined
A4: thecenturionproject.com | B4: 2016-12-01 | C4: cPanel / Google Domains NS | D4: Predates Centurion; treat as unrelated
A5: Wix apps on site | D5: Members Area, Events & Tickets, Groups, Forms, Donations, Phone/SMS Campaigns, ShoutOut, Facebook Server-Side Events
A6: Production Centurion voter app | D6: NOT LOCATED in public records - get from court filings / YouTube video
